CustomerID,CustomerName,MeterID,ServiceStartDate,Email,Phone,Address
c61b7d8b,Richard Lewis,JOG1VTMT,2025-05-24,KristinaSwanson,299961,"009 Morton Vista, Hopkinsview, TX 87787"
30a6ab47,Julie Tran,N00V12RW,2025-05-24,WesleyMartin,SNPWMovA,"54930 Bailey Meadows, West Veronica, WA 50812"
98fbdb82,Kathleen Taylor,OJ87OHCT,2025-05-24,ErikGamble,MfBEzhYU,"USNV Hancock, FPO AE 58578"
2f4632cd,Abigail Mckinney,3J181N3M,2025-05-24,BrianCurtis,370437,"365 Nash Coves, Brookeburgh, SD 31013"
9917e354,Jonathan Williams,,2025-05-24,MatthewJones,6430680153,"31232 Aaron Wall, Christophertown, SD 37477"
a9778633,Jennifer Reyes,sFYVW#pj,2025-05-24,VanessaBlake,9918522297,"3453 Tracy Lake, Jamesfurt, KY 92915"
8c89897a,Amanda Carter,SQKTzeUw,2025-05-24,PamelaRoss,740657,"5496 Mary Springs Suite 645, Susanhaven, TX 49086"
abeaea8b,Ann Brown,58SKCI7J,2025-05-24,SarahMiller,0988644387,"7029 Jason Port Suite 217, North Patricia, DC 30710"
6584d2e5,Christine Whitaker,2U8AXFDY,2025-05-24,jeremyscott@gmail.com,279343,"306 William Ways Apt. 094, New Eric, IN 84608"
4504dd1a,Geoffrey Lynch,HRjISXG3,2025-05-24,TannerBaker,056458,"16254 Hawkins Court, Newtonfurt, MO 78400"
328e2a1b,Duane Delgado,D1EW7VM3,2025-05-24,AprilBoyd,5550348662,"39689 Kayla Square Apt. 087, Leemouth, CO 76598"
c1fe8b2e,Maria Zhang,MEE6JLPE,2025-05-24,nancybrewer@hotmail.com,146625,"8334 Amanda Manor, East Natalieland, TX 21771"
37d82695,Sandra Hunter,,2025-05-24,staceylarsen@gmail.com,QSJBpBzT,"PSC 3204, Box 4610, APO AA 69792"
147902c8,Deborah Manning,,2025-05-24,odonovan@solis-ross.biz,4829119056,"42987 Victoria Parks Suite 651, Josephville, DC 99105"
61a2738b,Stephen Tate,37MNMZB9,2025-05-24,dana18@hotmail.com,4365271548,"Unit 1726 Box 0617, DPO AA 96373"
