CustomerID,CustomerName,MeterID,ServiceStartDate,Email,Phone,Address
51371f84,Scott Davidson,4VRVXAQL,2023-07-03,ocoleman@french-perez.com,hRnwDACd,"58994 Todd Ports, Port Pamela, OR 21614"
c61b7d8b,Richard Lewis,JOG1VTMT,2025-11-09,KristinaSwanson,299961,"009 Morton Vista, Hopkinsview, TX 87787"
30a6ab47,Julie Tran,N00V12RW,2026-02-27,WesleyMartin,SNPWMovA,"54930 Bailey Meadows, West Veronica, WA 50812"
98fbdb82,Kathleen Taylor,OJ87OHCT,2025-06-06,ErikGamble,MfBEzhYU,"USNV Hancock, FPO AE 58578"
2f4632cd,Abigail Mckinney,3J181N3M,2025-11-21,BrianCurtis,370437,"365 Nash Coves, Brookeburgh, SD 31013"
b58d29b5,Juan Cox,NTA6USDK,2018-11-03,christinamann@hotmail.com,665319,"42680 Heath Hollow, Hodgeport, WY 66588"
94997383,Kimberly Williams,GOP789IO,2023-08-01,hholmes@yahoo.com,929952,"99926 Hall Radial, West Sophiaville, NV 54134"
06ae861b,Robert Kim,YFQ8TR0G,2022-07-29,smithangela@george.com,dNCcWxZW,"6957 Kimberly Keys Apt. 038, Jonesfort, AR 96415"
8c89897a,Amanda Carter,SQKTzeUw,2026-01-12,PamelaRoss,740657,"5496 Mary Springs Suite 645, Susanhaven, TX 49086"
55761e56,Antonio White,,2020-07-01,TravisStrong,684878,"20763 Cooper River Suite 772, Danton, TN 70333"
6584d2e5,Christine Whitaker,2U8AXFDY,2025-07-13,jeremyscott@gmail.com,279343,"306 William Ways Apt. 094, New Eric, IN 84608"
4504dd1a,Geoffrey Lynch,HRjISXG3,2025-09-19,TannerBaker,056458,"16254 Hawkins Court, Newtonfurt, MO 78400"
25d10c19,Scott Hernandez,8D841S0J,2022-04-09,StephenBlevins,861099,"747 Garrett Isle Suite 202, Staffordport, AK 79476"
c1fe8b2e,Maria Zhang,MEE6JLPE,2025-11-06,nancybrewer@hotmail.com,146625,"8334 Amanda Manor, East Natalieland, TX 21771"
7cedb7af,Lisa Ball,5GUTRMM0,2024-09-18,TaylorAcosta,479503,"492 Cole Union Apt. 106, East Hannah, SD 26085"
37d82695,Sandra Hunter,,2026-01-18,staceylarsen@gmail.com,QSJBpBzT,"PSC 3204, Box 4610, APO AA 69792"
